layer,StartBreak,r,g,b
prob_map,0,0,0,255
prob_map,0.25,85,255,255
prob_map,0.5,0,255,0
prob_map,0.75,255,255,0
prob_map,1,255,0,0
res_map,-1,0,0,255
res_map,-0.00000001,85,255,255
res_map,0.00000001,255,255,0
res_map,1,255,0,0
bin_map,0,0,0,0
bin_map,0.499999999,0,0,0
bin_map,0.5000001,255,255,255
bin_map,1,255,255,255
mes_map,-100,0,0,255
mes_map,-0.00000001,85,255,255
mes_map,0.00000001,255,255,0
mes_map,100,255,0,0
